insight_id,type,indicator,entity,period,value,prev_value,change_pct,severity,explanation
INS-0001,trend,high_risk_cases,Mehsana,2026-08,28.0,11.0,154.5,High,"High Risk Cases in Mehsana rose by 154.5% compared to the previous month (11 -> 28), exceeding the 10% significant-change threshold; assessed as a deterioration."
INS-0002,trend,anc_coverage,Mehsana,2026-08,42.0,84.0,-50.0,High,"ANC Coverage in Mehsana dropped by 50% compared to the previous month (84 -> 42), exceeding the 10% significant-change threshold; assessed as a deterioration."
INS-0003,trend,high_risk_cases,Ahmedabad,2026-08,13.0,10.0,30.0,High,"High Risk Cases in Ahmedabad rose by 30% compared to the previous month (10 -> 13), exceeding the 10% significant-change threshold; assessed as a deterioration."
INS-0004,trend,anc_coverage,Ahmedabad,2026-08,69.0,85.0,-18.8,High,"ANC Coverage in Ahmedabad dropped by 18.8% compared to the previous month (85 -> 69), exceeding the 10% significant-change threshold; assessed as a deterioration."
INS-0005,trend,high_risk_cases,Vadodara,2026-08,6.0,7.0,-14.3,Medium,"High Risk Cases in Vadodara dropped by 14.3% compared to the previous month (7 -> 6), exceeding the 10% significant-change threshold; assessed as an improvement."
INS-0006,trend,high_risk_cases,Bhavnagar,2026-08,15.0,17.0,-11.8,Low,"High Risk Cases in Bhavnagar dropped by 11.8% compared to the previous month (17 -> 15), exceeding the 10% significant-change threshold; assessed as an improvement."
INS-0007,outlier,anc_coverage,Mehsana,2026-08,42.0,78.33,-46.4,High,Mehsana's ANC Coverage of 42 in 2026-08 is 46.4% below the pooled mean (78.33; 2.8σ) and lies below the lower IQR fence of 69.88 (multiplier 1.5; pooled median 80.5); n = 12 district-months. Flagged for review.
INS-0008,outlier,high_risk_cases,Mehsana,2026-08,28.0,13.42,108.7,High,Mehsana's High Risk Cases of 28 in 2026-08 is 108.7% above the pooled mean (13.42; 2.6σ) and lies above the upper IQR fence of 21.38 (multiplier 1.5; pooled median 13); n = 12 district-months. Flagged for review.
INS-0009,outlier,immunization,Vadodara,2026-08,97.0,91.58,5.9,Medium,Vadodara's Immunization of 97 in 2026-08 is 5.9% above the pooled mean (91.58; 1.9σ) and lies above the upper IQR fence of 96 (multiplier 1.5; pooled median 91.5); n = 12 district-months. Flagged for review.
INS-0010,outlier,anc_coverage,Ahmedabad,2026-08,69.0,78.33,-11.9,Low,Ahmedabad's ANC Coverage of 69 in 2026-08 is 11.9% below the pooled mean (78.33; 0.7σ) and lies below the lower IQR fence of 69.88 (multiplier 1.5; pooled median 80.5); n = 12 district-months. Flagged for review.
INS-0011,correlation,institutional_delivery:immunization,All districts,2026-07..2026-08,0.98,,,Medium,"Institutional Delivery and Immunization are strongly positively correlated (Pearson r = 0.98, n = 12 district-months across 6 districts, p < 0.001), above the |r| >= 0.7 threshold. LOW CONFIDENCE: only 6 districts (<10 recommended). Dropping the most influential district (Bhavnagar) gives r = 0.97. Correlation does not imply causation."
INS-0012,correlation,anc_coverage:high_risk_cases,All districts,2026-07..2026-08,-0.93,,,Medium,"ANC Coverage and High Risk Cases are strongly negatively correlated (Pearson r = -0.93, n = 12 district-months across 6 districts, p < 0.001), above the |r| >= 0.7 threshold. LOW CONFIDENCE: only 6 districts (<10 recommended). Dropping the most influential district (Mehsana) gives r = -0.78. Correlation does not imply causation."
INS-0013,threshold_breach,high_risk_cases,Mehsana,2026-08,28.0,15.0,86.7,High,Mehsana's High Risk Cases of 28 in 2026-08 is above the maximum target of 15 (86.7% over).
INS-0014,threshold_breach,anc_coverage,Mehsana,2026-08,42.0,75.0,-44.0,High,Mehsana's ANC Coverage of 42 in 2026-08 is below the minimum target of 75 (44% short).
INS-0015,threshold_breach,high_risk_cases,Bhavnagar,2026-07,17.0,15.0,13.3,Medium,Bhavnagar's High Risk Cases of 17 in 2026-07 is above the maximum target of 15 (13.3% over).
INS-0016,threshold_breach,anc_coverage,Ahmedabad,2026-08,69.0,75.0,-8.0,Low,Ahmedabad's ANC Coverage of 69 in 2026-08 is below the minimum target of 75 (8% short).
